Date,Value
1977,100.83
1977,100.91
1977,100.74
1977,99.57
1977,100.85
1977,101.62
1977,99.05
1977,98.54
1977,97.49
1977,97.21
1977,100.94
1977,102.22
1977,104.33
1977,104.1
1977,103.57
1977,104.05
1977,103.94
1977,105.05
1978,101.66
1978,99.77
1978,100.63
1978,100.62
1978,102.22
1978,103.58
1978,102.25
1978,102.7
1978,101.95
1978,103.42
1978,104.94
1978,105.39
1978,106.2
1978,108.23
1978,111.29
1978,113.32
1978,115.18
1978,117.27
1978,119.4
1978,121.57
1978,119.86
1978,121.03
1978,124.41
1978,123.69
1978,120.74
1978,120.3
1978,119.16
1978,121.58
1978,123.6
1978,125.62
1978,129.71
1978,132
1978,134.71
1978,135.84
1978,135.35
1978,138.36
1978,137.36
1978,132.3
1978,132.89
1978,134
1978,135.58
1978,123.82
1978,115.25
1978,115.49
1978,114.84
1978,113.69
1978,116.17
1978,116.19
1978,118.77
1978,117.41
1978,116.93
1978,117.98
1979,122.05
1979,123.74
1979,124.65
1979,127.04
1979,125.82
1979,123.76
1979,125.57
1979,125.04
1979,123.67
1979,127.25
1979,128.55
1979,130.58
1979,131.76
1979,133.75
1979,133.54
1979,133.67
1979,134.37
1979,133.72
1979,129.69
1979,131.01
1979,132.68
1979,131.76
1979,134.96
1979,136.25
1979,137.24
1979,138.13
1979,138.64
1979,138.52
1979,137.98
1979,140.02
1979,142.63
1979,145.07
1979,147.84
1979,149.4
1979,150.44
1979,148.07
1979,150.56
1979,150.65
1979,149.98
1979,152.29
1979,140.71
1979,136.59
1979,133.75
1979,136.88
1979,135.86
1979,139.07
1979,139.85
1979,144.26
1979,147.49
1979,150.03
1979,150.17
1979,150.83
1980,148.02
1980,153.87
1980,156.14
1980,159.7
1980,162.3
1980,165.25
1980,162.56
1980,160.08
1980,158.03
1980,146.19
1980,144.44
1980,138.8
1980,129.25
1980,136.01
1980,137.75
1980,134.66
1980,137.92
1980,140.25
1980,143.06
1980,147.24
1980,149.48
1980,150.45
1980,152.68
1980,156.59
1980,156.51
1980,159.18
1980,160.87
1980,164.82
1980,169.99
1980,169.63
1980,172.49
1980,175.88
1980,179.89
1980,181.7
1980,181.52
1980,185.61
1980,189.58
1980,195.33
1980,190.77
1980,193.43
1980,197.79
1980,197.24
1980,196.17
1980,192.78
1980,193.51
1980,201.76
1980,206.07
1980,208.15
1980,203.02
1980,191.22
1980,197.91
1980,201.28
1981,203.55
1981,197.66
1981,201.13
1981,197.52
1981,197.81
1981,197.87
1981,193.89
1981,192.29
1981,198.01
1981,199.89
1981,202.17
1981,206.29
1981,208.82
1981,212.65
1981,215.15
1981,216.64
1981,219.56
1981,216.68
1981,214.84
1981,216.51
1981,219.23
1981,223.47
1981,221.3
1981,222.76
1981,219.56
1981,219.76
1981,212.8
1981,210.54
1981,212.76
1981,208
1981,211.63
1981,211.36
1981,212.12
1981,206.76
1981,197.55
1981,189.63
1981,189.81
1981,184.27
1981,175.12
1981,184.37
1981,191.27
1981,190.24
1981,191.91
1981,195.24
1981,199.97
1981,200.16
1981,198.6
1981,201.02
1981,200.88
1981,198.64
1981,197.01
1981,195.7
1981,195.84
1982,192.05
1982,187.32
1982,185.83
1982,188.39
1982,188.21
1982,182.52
1982,180.65
1982,179.43
1982,173.97
1982,168.23
1982,171.76
1982,175.2
1982,178.56
1982,181.15
1982,182.25
1982,184.93
1982,184.7
1982,188.13
1982,188.22
1982,182.4
1982,178.54
1982,174.82
1982,173.55
1982,168.5
1982,170.48
1982,170.05
1982,168.07
1982,170.18
1982,172.11
1982,167.35
1982,163.59
1982,159.14
1982,166.96
1982,177.6
1982,182.05
1982,182.47
1982,186.61
1982,188.61
1982,188.7
1982,198.89
1982,204.46
1982,215.29
1982,212.63
1982,227.03
1982,232.61
1982,229.41
1982,228.64
1982,237.16
1982,233.85
1982,228.93
1982,232.33
1982,232.41
1983,238.6
1983,245.63
1983,243.97
1983,246.93
1983,251.65
1983,256.64
1983,261.29
1983,262.44
1983,265.94
1983,266.18
1983,265.01
1983,270.89
1983,270.8
1983,268.1
1983,281.6
1983,288.55
1983,293.06
1983,301.64
1983,303.94
1983,303.56
1983,312.05
1983,313.85
1983,315.24
1983,326.11
1983,328.91
1983,321.58
1983,319.57
1983,312.87
1983,320.71
1983,303.96
1983,300.2
1983,299.58
1983,299.1
1983,290.31
1983,297.85
1983,302.23
1983,298.27
1983,303.61
1983,296.65
1983,297.36
1983,289.65
1983,279.49
1983,276.14
1983,273.17
1983,277.13
1983,281.28
1983,285.49
1983,283.91
1983,280.51
1983,276.01
1983,276.54
1983,278.6
1984,287.9
1984,286.85
1984,284.41
1984,273.18
1984,264.01
1984,254.04
1984,251.33
1984,251.44
1984,255.54
1984,249.01
1984,253.37
1984,249.98
1984,250.78
1984,243.94
1984,244.01
1984,245.35
1984,246.9
1984,250.89
1984,250.57
1984,244.61
1984,235.23
1984,235.9
1984,240.35
1984,235.64
1984,241.11
1984,239.65
1984,236.72
1984,234.67
1984,229.37
1984,229.3
1984,246.24
1984,252.43
1984,250.37
1984,254.78
1984,254.64
1984,251.68
1984,255.6
1984,252.68
1984,249.94
1984,245.46
1984,246.2
1984,251.2
1984,247.4
1984,248
1984,249.5
1984,245.1
1984,245.3
1984,242.4
1984,239.3
1984,239
1984,244.8
1984,245.9
1985,246.1
1985,252.2
1985,263.1
1985,274
1985,278.4
1985,288.4
1985,287.7
1985,286.2
1985,287.2
1985,282.4
1985,278
1985,278.9
1985,279.2
1985,277.4
1985,280.6
1985,282.8
1985,284.1
1985,280.3
1985,287.5
1985,291.7
1985,292.1
1985,290.8
1985,291
1985,288
1985,288.7
1985,296.2
1985,298.6
1985,302.4
1985,307.8
1985,304.6
1985,304.5
1985,299.1
1985,296.5
1985,296.7
1985,297.7
1985,296.2
1985,287.2
1985,284.4
1985,280.2
1985,280.5
1985,281.8
1985,288.4
1985,289.5
1985,294.1
1985,300
1985,306.2
1985,310.8
1985,314
1985,316.6
1985,324
1985,323.1
1985,322.8
1986,325.7
1986,324.4
1986,330.7
1986,328.9
1986,335.8
1986,342.2
1986,350.2
1986,355.65
1986,359.5
1986,362.2
1986,371.8
1986,372.6
1986,373.3
1986,372.2
1986,378.9
1986,390.1
1986,392.3
1986,383.2
1986,389.1
1986,384.7
1986,391.9
1986,400.2
1986,400.3
1986,399.6
1986,396.9
1986,403.6
1986,411.2
1986,391.6
1986,381.1
1986,379.8
1986,370.7
1986,365.8
1986,380.2
1986,381.5
1986,382.9
1986,378.4
1986,346.8
1986,349.4
1986,351.6
1986,352.8
1986,353.5
1986,355.7
1986,356.7
1986,360.8
1986,361
1986,358.5
1986,354.7
1986,359.6
1986,363
1986,355.9
1986,352.2
1986,349.9
1987,353.2
1987,380.7
1987,389.9
1987,392.2
1987,392.1
1987,406.9
1987,412.5
1987,417.2
1987,425
1987,429.5
1987,432
1987,439.6
1987,436.6
1987,437.4
1987,430.9
1987,419.5
1987,412.6
1987,418.4
1987,423.2
1987,418.9
1987,407.4
1987,416.5
1987,417.8
1987,425.4
1987,429.1
1987,426.7
1987,425.9
1987,426
1987,434.1
1987,429.1
1987,434.9
1987,443.6
1987,451.6
1987,455.2
1987,453.3
198,446.5
1987,446.2
1987,440.9
1987,441.9
1987,451.6
1987,438.4
1987,406.3
1987,328.5
1987,323.3
1987,326.4
1987,323
1987,312.5
1987,316.5
1987,292.9
1987,302.6
1987,326.9
1987,333.2
1987,330.5
1988,338.5
1988,340.1
1988,337.6
1988,344.7
1988,345.8
1988,353.3
1988,357.1
1988,363.4
1988,373.4
1988,375.5
1988,381.6
1988,372.5
1988,374.6
1988,381.8
1988,373.9
1988,374
1988,379.2
1988,379.4
1988,372.5
1988,366
1988,366.7
1988,376.9
1988,386.3
1988,386.9
1988,391.6
1988,394.7
1988,394.3
1988,395
1988,387.4
1988,387.3
1988,387.7
1988,379
1988,377.4
1988,374.4
1988,376.5
1988,381.6
1988,383.9
1988,385
1988,387.7
1988,385.7
1988,384.6
1988,388.6
1988,382.8
1988,381
1988,373.8
1988,367.6
1988,366.4
1988,373.9
1988,375.2
1988,375.8
1988,377.3
1988,381.4
1989,384.7
1989,387.1
1989,391.7
1989,398
1989,406.4
1989,402.4
1989,407.2
1989,400
1989,404
1989,405.9
1989,402.2
1989,400.9
1989,406.7
1989,410.7
1989,417.7
1989,423.8
1989,427.6
1989,430.7
1989,434.8
1989,442.1
1989,445.2
1989,451.6
1989,453.7
1989,447.2
1989,448.4
1989,435.3
1989,442.4
1989,448.9
1989,449.3
1989,452.8
1989,457.4
1989,462.5
1989,462
1989,466.8
1989,471.3
1989,471.3
1989,467.6
1989,468.1
1989,472.9
1989,483.6
1989,467.3
1989,470.7
1989,452.8
1989,453
1989,456.2
1989,456.7
1989,456.6
1989,457.1
1989,456.2
1989,443.8
1989,444.6
1989,454.8
1990,458.2
1990,439.7
1990,440.9
1990,421.3
1990,422.2
1990,428.8
1990,429
1990,419.5
1990,431
1990,436.8
1990,442.2
1990,437.3
1990,435.5
1990,430.9
1990,436.3
1990,425.8
1990,418
1990,428.6
1990,438.1
1990,448.3
1990,453.7
1990,462.1
1990,460.9
1990,467.6
1990,459.3
1990,462.3
1990,460.5
1990,468.4
1990,455.3
1990,442.6
1990,417.5
1990,408
1990,393.5
1990,367.3
1990,381.2
1990,380.4
1990,374.4
1990,362.3
1990,344.5
1990,347.4
1990,327.6
1990,337.4
1990,334.4
1990,336.5
1990,342
1990,350.9
1990,349
1990,359.1
1990,371.5
1990,368.8
1990,373.6
1990,371.2
1991,367.2
1991,361.8
1991,377
1991,394.3
1991,417.7
1991,436.8
1991,448.7
1991,449
1991,456.7
1991,475.11
1991,466.29
1991,464.15
1991,482.3
1991,495.79
1991,501.62
1991,501.19
1991,494.64
1991,492.1
1991,493.42
1991,481.38
1991,492.67
1991,506.11
1991,498.54
1991,495.07
1991,485.82
1991,475.92
1991,474.05
1991,492.71
1991,497.55
1991,492.69
1991,505.67
1991,508.31
1991,512.47
1991,521.06
1991,525.68
1991,516.94
1991,516.71
1991,527.19
1991,524.48
1991,520.4
1991,519.05
1991,538.9
1991,525.13
1991,540.93
1991,548.08
1991,531.29
1991,526.46
1991,523.9
1991,536.3
1991,540.9
1991,535.76
1991,565.71
1992,592.65
1992,615.7
1992,626.85
1992,624.68
1992,620.21
1992,634.95
1992,636.43
1992,629.75
1992,633.47
1992,615.95
1992,618.62
1992,624.28
1992,604.67
1992,590.01
1992,584.24
1992,591.81
1992,572.89
1992,578.14
1992,585.76
1992,574.43
1992,580.3
1992,585.31
1992,585.43
1992,569.52
1992,554.2
1992,547.84
1992,563.35
1992,567.8
1992,570.52
1992,565.61
1992,580.83
1992,573.74
1992,573.18
1992,563.7
1992,563.56
1992,573.44
1992,583.01
1992,589.12
1992,577.2
1992,571.63
1992,570.52
1992,582.61
1992,597.3
1992,605.17
1992,616.82
1992,637.16
1992,642.6
1992,649.49
1992,661.6
1992,655.79
1992,661.29
1992,665.88
1992,676.95
1993,677.21
1993,697.15
1993,701.63
1993,696.34
1993,700.98
1993,690.54
1993,663.61
1993,670.77
1993,681.37
1993,692.78
1993,682.72
1993,681.54
1993,669.85
1993,666.33
1993,666.78
1993,658.41
1993,661.42
1993,681.44
1993,676.37
1993,694.29
1993,700.53
1993,702.01
1993,693.19
1993,689.59
1993,694.81
1993,704.49
1993,705.81
1993,699.73
1993,700.24
1993,704.7
1993,718.08
1993,718.26
1993,730.96
1993,734.07
1993,749.71
1993,744.31
1993,740.11
1993,754.65
1993,763.23
1993,764.27
1993,787.42
1993,772.68
1993,779.26
1993,762.99
1993,779.32
1993,751.56
1993,754.87
1993,772.22
1993,760.74
1993,759.23
1993,758.7
1993,776.8
1994,782.94
1994,792.31
1994,794.28
1994,796.53
1994,777.28
1994,781.39
1994,788.85
1994,783.78
1994,790.55
1994,789.2
1994,803.93
1994,783.45
1994,743.46
1994,748.71
1994,727.97
1994,722.56
1994,733.84
1994,732.86
1994,716.92
1994,726.7
1994,733.14
1994,742.38
1994,734.25
1994,729.35
1994,693.79
1994,706.85
1994,707.46
1994,721.36
1994,716.68
1994,722.16
1994,718.67
1994,731.61
1994,742.43
1994,762.94
1994,759.23
1994,763.73
1994,777.91
1994,757.46
1994,764.29
1994,749.96
1994,767.08
1994,765.38
1994,776.15
1994,766.08
1994,762.12
1994,764.67
1994,742.52
1994,745.02
1994,719.05
1994,729.07
1994,742.19
1994,751.96
1995,749.69
1995,762.16
1995,762.05
1995,758.91
1995,772.06
1995,790.43
1995,786.97
1995,791.08
1995,798.79
1995,802.22
1995,808.33
1995,818.66
1995,817.21
1995,814.69
1995,832.64
1995,823.44
1995,843.98
1995,843.53
1995,858.94
1995,864.57
1995,871.87
1995,872.97
1995,884.38
1995,908.65
1995,938.87
1995,933.45
1995,969.76
1995,999.33
1995,961.77
1995,1005.28
1995,991.09
1995,1004.11
1995,1031.28
1995,1019.97
1995,1019.47
1995,1060.03
1995,1051.1
1995,1053.39
1995,1043.54
1995,1012.04
1995,1018.38
1995,1039.53
1995,1025.55
1995,1065.66
1995,1063.87
1995,1045.03
1995,1030.17
1995,1055.31
1995,1062.41
1995,1030.48
1995,1046.89
1995,1052.13
1996,1033.47
1996,1008.23
1996,1018.45
1996,1040.96
1996,1072.11
1996,1094.6
1996,1090.71
1996,1117.79
1996,1086.08
1996,1063.73
1996,1099.59
1996,1102.22
1996,1101.4
1996,1118.21
1996,1100.94
1996,1138.7
1996,1186.89
1996,1184.6
1996,1202.76
1996,1241.88
1996,1247.8
1996,1243.43
1996,1229.76
1996,1213.18
1996,1175.44
1996,1185.02
1996,1158.35
1996,1103.49
1996,1097.68
1996,1079.44
1996,1124.92
1996,1137.27
1996,1133.65
1996,1143.05
1996,1141.5
1996,1139.39
1996,1188.67
1996,1219.69
1996,1230.05
1996,1247.56
1996,1248.27
1996,1242.48
1996,1222.6
1996,1221.78
1996,1257.51
1996,1261.8
1996,1274.36
1996,1292.61
1996,1287.68
1996,1284.91
1996,1288.56
1996,1291.38
1997,1310.68
1997,1332.02
1997,1349.05
1997,1363.83
1997,1379.85
1997,1357.71
1997,1367.19
1997,1334.32
1997,1309
1997,1311.8
1997,1292.97
1997,1254.07
1997,1249.51
1997,1236.73
1997,1206.9
1997,1222.57
1997,1209.29
1997,1305.33
1997,1335.05
1997,1340.73
1997,1389.72
1997,1400.32
1997,1404.84
1997,1423.03
1997,1447.1
1997,1438.15
1997,1467.61
1997,1502.62
1997,1547.99
1997,1569.58
1997,1594.33
1997,1598.52
1997,1562.03
1997,1598.69
1997,1587.32
1997,1635.77
1997,1649.33
1997,1680.36
1997,1682.24
1997,1715.87
1997,1739.03
1997,1666.85
1997,1650.92
1997,1593.61
1997,1602.4
1997,1583.51
1997,1620.75
1997,1600.55
1997,1633.9
1997,1536.58
1997,1524.74
1997,1511.38
1998,1581.53
1998,1503.22
1998,1562.88
1998,1575.93
1998,1619.36
1998,1694.35
1998,1710.42
1998,1728.13
1998,1770.51
1998,1753.49
1998,1771.66
1998,1789.16
1998,1823.62
1998,1855.4
1998,1820.24
1998,1866.6
1998,1868.96
1998,1873.44
1998,1864.37
1998,1846.77
1998,1805
1998,1778.87
1998,1782.92
1998,1745.05
1998,1781.29
1998,1869.53
1998,1894
1998,1943.04
1998,2008.76
1998,1930.99
1998,1872.39
1998,1846.77
1998,1790.19
1998,1797.61
1998,1639.68
1998,1566.52
1998,1641.64
1998,1663.77
1998,1743.59
1998,1614.98
1998,1492.49
1998,1620.95
1998,1693.86
1998,1771.39
1998,1856.56
1998,1847.99
1998,1928.21
1998,2016.44
1998,2003.16
1998,2029.31
1998,2086.14
1998,2163.04
1998,2192.69
1999,2344.41
1999,2348.2
1999,2338.88
1999,2505.89
1999,2373.62
1999,2321.89
1999,2283.6
1999,2288.03
1999,2337.11
1999,2381.53
1999,2421.27
1999,2419.17
1999,2493.37
1999,2593.05
1999,2484.04
1999,2590.69
1999,2542.85
1999,2503.62
1999,2527.86
1999,2520.14
1999,2470.52
1999,2478.34
1999,2447.88
1999,2563.44
1999,2552.65
1999,2741.02
1999,2793.07
1999,2864.48
1999,2692.4
1999,2638.49
1999,2547.97
1999,2637.81
1999,2648.33
1999,2758.9
1999,2843.11
1999,2887.06
1999,2869.62
1999,2749.83
1999,2736.85
1999,2886.57
1999,2731.83
1999,2816.52
1999,2966.43
1999,3102.29
1999,3191.08
1999,3369.25
1999,3447.81
1999,3520.63
1999,3620.24
1999,3753.06
1999,3969.44
1999,4069.31
2000,3882.62
2000,4064.27
2000,4235.4
2000,3887.07
2000,4244.14
2000,4395.45
2000,4411.74
2000,4590.5
2000,4914.79
2000,5048.62
2000,4798.13
2000,4963.03
2000,4572.83
2000,4446.45
2000,3321.29
2000,3643.88
2000,3860.66
2000,3816.82
2000,3529.06
2000,3390.4
2000,3205.11
2000,3813.38
2000,3874.84
2000,3860.56
2000,3845.34
2000,3966.11
2000,4023.2
2000,4246.18
2000,4094.45
2000,3663
2000,3787.36
2000,3789.47
2000,3930.34
2000,4042.68
2000,4234.33
2000,3978.41
2000,3835.23
2000,3803.76
2000,3672.82
2000,3361.01
2000,3316.77
2000,3483.14
2000,3278.36
2000,3451.58
2000,3028.99
2000,3027.19
2000,2904.38
2000,2645.29
2000,2917.43
2000,2653.27
2000,2517.02
2000,2470.52
2001,2407.65
2001,2626.5
2001,2770.38
2001,2781.3
2001,2660.5
2001,2470.97
2001,2425.38
2001,2262.51
2001,2117.63
2001,2052.78
2001,1890.91
2001,1928.68
2001,1840.26
2001,1720.36
2001,1961.43
2001,2163.41
2001,2075.68
2001,2191.53
2001,2107.43
2001,2198.83
2001,2251.03
2001,2149.44
2001,2215.1
2001,2028.43
2001,2034.84
2001,2160.54
2001,2004.16
2001,2084.79
2001,2029.37
2001,2029.07
2001,2066.33
2001,1956.47
2001,1867.01
2001,1916.8
2001,1805.43
2001,1687.7
2001,1695.37
2001,1423.19
2001,1498.8
2001,1605.3
2001,1703.4
2001,1671.31
2001,1768.96
2001,1745.73
2001,1828.48
2001,1898.58
2001,1903.2
2001,1930.58
2001,2021.26
2001,1953.17
2001,1945.83
2001,1987.26
2002,2059.38
2002,2022.46
2002,1930.34
2002,1937.7
2002,1911.24
2002,1818.88
2002,1805.2
2002,1724.54
2002,1802.74
2002,1929.67
2002,1868.3
2002,1851.39
2002,1845.35
2002,1770.03
2002,1756.19
2002,1796.83
2002,1663.89
2002,1613.03
2002,1600.85
2002,1741.39
2002,1661.49
2002,1615.73
2002,1535.48
2002,1504.74
2002,1440.96
2002,1463.21
2002,1448.36
2002,1373.5
2002,1319.15
2002,1262.12
2002,1247.92
2002,1306.12
2002,1361.01
2002,1380.62
2002,1314.85
2002,1295.3
2002,1291.4
2002,1221.09
2002,1199.16
2002,1139.9
2002,1210.47
2002,1287.86
2002,1331.13
2002,1360.7
2002,1359.28
2002,1411.14
2002,1468.74
2002,1478.78
2002,1422.44
2002,1362.42
2002,1363.05
2002,1348.31
2003,1387.08
2003,1447.72
2003,1376.19
2003,1342.14
2003,1320.91
2003,1282.47
2003,1310.17
2003,1349.02
2003,1337.52
2003,1305.29
2003,1340.33
2003,1421.84
2003,1369.6
2003,1383.51
2003,1358.85
2003,1425.5
2003,1434.54
2003,1502.88
2003,1520.15
2003,1538.53
2003,1510.09
2003,1595.91
2003,1627.42
2003,1626.49
2003,1644.72
2003,1625.26
2003,1663.46
2003,1733.93
2003,1708.5
2003,1730.7
2003,1715.62
2003,1644.03
2003,1702.01
2003,1765.32
2003,1810.45
2003,1858.24
2003,1855.03
2003,1905.7
2003,1792.07
2003,1880.57
2003,1915.31
2003,1912.36
2003,1865.59
2003,1932.21
2003,1970.74
2003,1930.26
2003,1893.88
2003,1960.26
2003,1937.82
2003,1949
2003,1951.02
2003,1973.14
2004,2006.68
2004,2086.92
2004,2140.46
2004,2123.87
2004,2066.15
2004,2064.01
2004,2053.56
2004,2037.93
2004,2029.82
2004,2047.63
2004,1984.73
2004,1940.47
2004,1960.02
2004,2057.17
2004,2052.88
2004,1995.74
2004,2049.77
2004,1920.15
2004,1917.96
2004,1904.25
2004,1912.09
2004,1986.74
2004,1978.62
2004,1999.87
2004,1986.73
2004,2025.47
2004,2006.66
2004,1946.33
2004,1883.15
2004,1849.09
2004,1887.36
2004,1776.89
2004,1757.22
2004,1838.02
2004,1862.09
2004,1844.48
2004,1894.31
2004,1910.09
2004,1879.48
2004,1942.2
2004,1919.97
2004,1911.5
2004,1915.14
2004,1974.99
2004,2038.94
2004,2085.34
2004,2070.63
2004,2101.97
2004,2147.96
2004,2128.07
2004,2135.2
2004,2160.62
2004,2175.44
2005,2088.61
2005,2087.91
2005,2034.27
2005,2035.83
2005,2086.66
2005,2076.66
2005,2058.62
2005,2065.4
2005,2070.61
2005,2041.6
2005,2007.79
2005,1991.06
2005,1984.81
2005,1999.35
2005,1908.15
2005,1932.19
2005,1921.65
2005,1967.35
2005,1976.78
2005,2046.42
2005,2075.73
2005,2071.43
2005,2063
2005,2090.11
2005,2053.27
2005,2057.37
2005,2112.88
2005,2156.78
2005,2179.74
2005,2184.83
2005,2177.91
2005,2156.9
2005,2135.56
2005,2120.77
2005,2141.07
2005,2175.51
2005,2160.35
2005,2116.84
2005,2151.69
2005,2090.35
2005,2064.83
2005,2082.21
2005,2089.88
2005,2169.43
2005,2202.47
2005,2227.07
2005,2263.01
2005,2273.37
2005,2256.73
2005,2252.48
2005,2249.42
2005,2205.32
2006,2305.62
2006,2317.04
2006,2247.7
2006,2304.23
2006,2262.58
2006,2261.88
2006,2282.36
2006,2287.04
2006,2302.6
2006,2262.04
2006,2306.48
2006,2312.82
2006,2339.79
2006,2339.02
2006,2326.11
2006,2342.86
2006,2322.57
2006,2342.57
2006,2243.78
2006,2193.88
2006,2210.37
2006,2219.41
2006,2135.06
2006,2129.95
2006,2121.47
2006,2172.09
2006,2130.06
2006,2037.35
2006,2020.39
2006,2094.14
2006,2085.05
2006,2057.71
2006,2163.95
2006,2140.29
2006,2193.16
2006,2165.79
2006,2235.59
2006,2218.93
2006,2258.43
2006,2299.99
2006,2357.29
2006,2342.3
2006,2350.62
2006,2330.79
2006,2389.72
2006,2445.86
2006,2460.26
2006,2413.21
2006,2437.36
2006,2457.2
2006,2401.18
2006,2415.29
2007,2434.25
2007,2502.82
2007,2451.31
2007,2435.49
2007,2475.88
2007,2459.82
2007,2496.31
2007,2515.1
2007,2368
2007,2387.55
2007,2372.66
2007,2448.93
2007,2421.64
2007,2471.34
2007,2491.94
2007,2526.39
2007,2557.21
2007,2572.15
2007,2562.22
2007,2558.45
2007,2557.19
2007,2613.92
2007,2573.54
2007,2626.71
2007,2588.96
2007,2603.23
2007,2666.51
2007,2707
2007,2687.6
2007,2562.24
2007,2511.25
2007,2544.89
2007,2505.03
2007,2576.69
2007,2596.36
2007,2565.7
2007,2602.18
2007,2671.22
2007,2701.5
2007,2780.32
2007,2805.68
2007,2725.16
2007,2804.19
2007,2810.38
2007,2627.94
2007,2637.24
2007,2596.6
2007,2660.96
2007,2706.16
2007,2635.74
2007,2691.99
2007,2674.46
2008,2504.65
2008,2439.94
2008,2340.02
2008,2326.2
2008,2413.36
2008,2304.85
2008,2321.8
2008,2303.35
2008,2271.48
2008,2212.49
2008,2212.49
2008,2258.11
2008,2261.18
2008,2370.98
2008,2290.24
2008,2402.97
2008,2422.93
2008,2476.99
2008,2445.52
2008,2528.85
2008,2444.67
2008,2522.66
2008,2474.56
2008,2454.5
2008,2406.09
2008,2315.63
2008,2245.38
2008,2239.08
2008,2282.78
2008,2310.53
2008,2310.96
2008,2414.1
2008,2452.52
2008,2414.71
2008,2367.52
2008,2255.88
2008,2261.27
2008,2273.9
2008,2183.34
2008,1947.39
2008,1649.51
2008,1711.29
2008,1552.03
2008,1720.95
2008,1647.4
2008,1516.85
2008,1384.35
2008,1535.57
2008,1509.31
2008,1540.72
2008,1564.32
2008,1530.24
2009,1632.21
2009,1571.59
2009,1529.33
2009,1477.29
2009,1476.42
2009,1591.71
2009,1534.36
2009,1441.23
2009,1377.84
2009,1293.85
2009,1431.5
2009,1457.27
2009,1545.2
2009,1621.87
2009,1673.07
2009,1694.29
2009,1719.2
2009,1739
2009,1680.14
2009,1692.01
2009,1774.33
2009,1849.42
2009,1858.8
2009,1827.47
2009,1838.22
2009,1756.03
2009,1886.61
2009,1965.96
2009,1978.5
2009,2000.25
2009,1985.52
2009,2020.9
2009,2028.77
2009,2018.78
2009,2080.9
2009,2132.86
2009,2090.92
2009,2048.11
2009,2139.28
2009,2156.8
2009,2154.47
2009,2045.11
2009,2112.44
2009,2167.88
2009,2146.04
2009,2138.44
2009,2194.35
2009,2190.31
2009,2211.69
2010,2317.17
2010,2287.99
2010,2205.29
2010,2147.35
2010,2141.12
2010,2183.53
2010,2243.87
2010,2238.26
2010,2326.35
2010,2367.66
2010,2374.41
2010,2395.13
2010,2454.05
2010,2481.26
2010,2530.15
2010,2461.19
2010,2265.64
2010,2346.85
2010,2229.04
2010,2257.04
2010,2219.17
2010,2243.6
2010,2309.8
2010,2223.48
2010,2091.79
2010,2196.45
2010,2179.05
2010,2269.47
2010,2254.7
2010,2288.47
2010,2173.48
2010,2179.76
2010,2153.63
2010,2233.75
2010,2242.48
2010,2315.61
2010,2381.22
2010,2370.75
2010,2401.91
2010,2468.77
2010,2479.39
2010,2507.41
2010,2578.98
2010,2518.21
2010,2518.12
2010,2534.56
2010,2591.46
2010,2637.54
2010,2642.97
2010,2665.6
2010,2652.87
2011,2703.17
2011,2755.3
2011,2689.54
2011,2686.89
2011,2769.3
2011,2809.44
2011,2833.95
2011,2781.05
2011,2784.67
2011,2715.61
2011,2643.67
2011,2743.06
2011,2789.6
2011,2780.41
2011,2764.65
2011,2820.16
2011,2873.54
2011,2827.56
2011,2828.47
2011,2803.32
2011,2796.86
2011,2732.78
2011,2643.73
2011,2616.48
2011,2652.89
2011,2816.03
2011,2859.81
2011,2789.8
2011,2858.83
2011,2756.38
2011,2532.41
2011,2507.98
2011,2341.84
2011,2479.85
2011,2480.33
2011,2467.99
2011,2622.31
2011,2483.23
2011,2415.4
2011,2479.35
2011,2667.85
2011,2637.46
2011,2737.15
2011,2686.15
2011,2678.75
2011,2572.5
2011,2441.51
2011,2626.93
2011,2646.85
2011,2555.33
2011,2618.64
2011,2605.15
2012,2674.22
2012,2710.67
2012,2786.7
2012,2816.55
2012,2905.66
2012,2903.88
2012,2951.78
2012,2963.75
2012,2976.19
2012,2988.34
2012,3055.26
2012,3067.92
2012,3091.57
2012,3080.5
2012,3011.33
2012,3000.45
2012,3069.2
2012,2956.34
2012,2933.82
2012,2778.79
2012,2837.53
2012,2747.48
2012,2858.42
2012,2872.8
2012,2892.42
2012,2935.05
2012,2937.33
2012,2908.47
2012,2925.3
2012,2958.09
2012,2967.9
2012,3020.86
2012,3076.59
2012,3069.79
2012,3066.96
2012,3136.42
2012,3183.95
2012,3179.96
2012,3116.23
2012,3136.19
2012,3044.11
2012,3005.62
2012,2987.95
2012,2982.13
2012,2904.87
2012,2853.13
2012,2966.85
2012,3010.24
2012,2978.04
2012,2971.33
2012,3021.01
2012,2960.31
2013,3101.66
2013,3125.63
2013,3134.71
2013,3149.71
2013,3179.1
2013,3193.87
2013,3192.03
2013,3161.82
2013,3169.74
2013,3244.37
2013,3249.07
2013,3245
2013,3267.52
2013,3203.86
2013,3294.95
2013,3206.06
2013,3279.26
2013,3378.63
2013,3436.58
2013,3498.97
2013,3459.14
2013,3455.91
2013,3469.22
2013,3423.56
2013,3357.25
2013,3403.25
2013,3479.38
2013,3600.08
2013,3587.61
2013,3613.16
2013,3689.59
2013,3660.11
2013,3602.78
2013,3657.79
2013,3589.87
2013,3660.01
2013,3722.18
2013,3774.73
2013,3781.59
2013,3807.75
2013,3791.87
2013,3914.28
2013,3943.36
2013,3922.04
2013,3919.23
2013,3985.97
2013,3991.65
2013,4059.89
2013,4062.52
2013,4000.98
2013,4104.74
2013,4156.59
2014,4131.91
2014,4174.66
2014,4197.58
2014,4128.17
2014,4103.88
2014,4125.86
2014,4244.03
2014,4263.41
2014,4308.12
2014,4336.22
2014,4245.4
2014,4276.79
2014,4155.76
2014,4127.73
2014,3999.73
2014,4095.52
2014,4075.56
2014,4123.9
2014,4071.87
2014,4090.59
2014,4185.81
2014,4242.62
2014,4321.4
2014,4310.65
2014,4368.04
2014,4397.93
2014,4485.93
2014,4415.49
2014,4432.15
2014,4449.56
2014,4352.64
2014,4370.9
2014,4464.93
2014,4538.55
2014,4580.27
2014,4582.9
2014,4567.6
2014,4579.79
2014,4512.19
2014,4475.62
2014,4276.24
2014,4258.44
2014,4483.72
2014,4630.74
2014,4632.53
2014,4688.54
2014,4712.97
2014,4791.63
2014,4780.76
2014,4653.6
2014,4765.38
2014,4806.86
2015,4726.81
2015,4704.07
2015,4634.38
2015,4757.88
2015,4635.24
2015,4744.4
2015,4893.84
2015,4955.97
2015,4963.53
2015,4927.37
2015,4871.76
2015,5026.42
2015,4891.22
2015,4886.94
2015,4995.98
2015,4931.81
2015,5092.08
2015,5005.39
2015,5003.55
2015,5048.29
2015,5089.36
2015,5070.03
2015,5068.46
2015,5051.1
2015,5117
2015,5080.51
2015,5009.21
2015,4997.7
2015,5210.14
2015,5088.63
2015,5128.28
2015,5043.54
2015,5048.24
2015,4706.04
2015,4828.32
2015,4683.92
2015,4822.34
2015,4827.23
2015,4686.5
2015,4707.78
2015,4830.47
2015,4886.69
2015,5031.86
2015,5053.75
2015,5147.12
2015,4927.88
2015,5104.92
2015,5127.52
2015,5142.27
2015,4933.47
2015,4923.08
2015,5048.49
2015,5007.41
2016,4643.63
2016,4488.42
2016,4591.18
2016,4613.95
2016,4363.14
2016,4337.51
2016,4504.43
2016,4590.47
2016,4717.02
2016,4748.47
2016,4795.65
2016,4773.5
2016,4914.54
2016,4850.69
2016,4938.22
2016,4906.23
2016,4775.36
2016,4736.16
2016,4717.68
2016,4769.56
2016,4933.5
2016,4942.52
2016,4894.55
2016,4800.34
2016,4707.98
2016,4862.57
2016,4956.76
2016,5029.59
2016,5100.16
2016,5162.13
2016,5221.12
2016,5232.89
2016,5238.38
2016,5218.92
2016,5249.9
2016,5125.91
2016,5244.57
2016,5305.75
2016,5312
2016,5292.4
2016,5214.16
2016,5257.4
2016,5190.1
2016,5046.37
2016,5237.11
2016,5321.51
2016,5398.92
2016,5255.65
2016,5444.5
2016,5437.16
2016,5462.69
2016,5383.12
2017,5521.06
2017,5574.12
2017,5555.33
2017,5660.78
2017,5666.77
2017,5734.13
2017,5838.58
2017,5845.31
2017,5870.75
2017,5861.73
2017,5901
2017,5828.74
2017,5911.74
2017,5877.81
2017,5805.15
2017,5910.52
2017,6047.61
2017,6100.76
2017,6121.23
2017,6083.7
2017,6210.19
2017,6305.8
2017,6207.92
2017,6151.76
2017,6265.25
2017,6140.42
2017,6153.08
2017,6312.47
2017,6387.75
2017,6374.68
2017,6351.56
2017,6256.56
2017,6216.53
2017,6265.64
2017,6301.8857